{
  "random_forest": {
    "best_params": {
      "max_depth": null,
      "n_estimators": 200
    },
    "accuracy": 0.9978223548524616,
    "f1_macro": 0.9659434843313179,
    "precision_macro": 0.9639155850643792,
    "recall_macro": 0.9744262268635091,
    "classification_report": {
      "0": {
        "precision": 0.9990143741542264,
        "recall": 0.9979881952834356,
        "f1-score": 0.9985010210629172,
        "support": 187891.0
      },
      "1": {
        "precision": 0.6950092421441775,
        "recall": 0.9616368286445013,
        "f1-score": 0.8068669527896996,
        "support": 391.0
      },
      "2": {
        "precision": 1.0,
        "recall": 1.0,
        "f1-score": 1.0,
        "support": 1814.0
      },
      "3": {
        "precision": 1.0,
        "recall": 0.9998158944461492,
        "f1-score": 0.9999079387485807,
        "support": 16295.0
      },
      "4": {
        "precision": 0.9999152398711646,
        "recall": 0.9997740049153931,
        "f1-score": 0.9998446174056757,
        "support": 35399.0
      },
      "5": {
        "precision": 1.0,
        "recall": 1.0,
        "f1-score": 1.0,
        "support": 1.0
      },
      "6": {
        "precision": 1.0,
        "recall": 0.8333333333333334,
        "f1-score": 0.9090909090909091,
        "support": 6.0
      },
      "7": {
        "precision": 0.9884104141491816,
        "recall": 0.9914054322075919,
        "f1-score": 0.9899056577825454,
        "support": 18151.0
      },
      "8": {
        "precision": 0.9928909952606635,
        "recall": 0.9858823529411764,
        "f1-score": 0.9893742621015348,
        "support": 425.0
      },
      "accuracy": 0.9978223548524616,
      "macro avg": {
        "precision": 0.9639155850643792,
        "recall": 0.9744262268635091,
        "f1-score": 0.9659434843313179,
        "support": 260373.0
      },
      "weighted avg": {
        "precision": 0.9979996929954221,
        "recall": 0.9978223548524616,
        "f1-score": 0.9978782592733642,
        "support": 260373.0
      }
    }
  },
  "xgboost": {
    "best_params": {
      "max_depth": 10,
      "n_estimators": 100
    },
    "accuracy": 0.9982371444043737,
    "f1_macro": 0.9534852437950527,
    "precision_macro": 0.9379353295683447,
    "recall_macro": 0.9764511193105994,
    "classification_report": {
      "0": {
        "precision": 0.9998986547754937,
        "recall": 0.9977007946096407,
        "f1-score": 0.9987985155939888,
        "support": 187891.0
      },
      "1": {
        "precision": 0.6395939086294417,
        "recall": 0.9667519181585678,
        "f1-score": 0.769857433808554,
        "support": 391.0
      },
      "2": {
        "precision": 0.998898678414097,
        "recall": 1.0,
        "f1-score": 0.9994490358126722,
        "support": 1814.0
      },
      "3": {
        "precision": 1.0,
        "recall": 0.9999386314820498,
        "f1-score": 0.9999693147994723,
        "support": 16295.0
      },
      "4": {
        "precision": 0.9998869928805515,
        "recall": 0.9998022543009689,
        "f1-score": 0.9998446217953245,
        "support": 35399.0
      },
      "5": {
        "precision": 1.0,
        "recall": 1.0,
        "f1-score": 1.0,
        "support": 1.0
      },
      "6": {
        "precision": 0.8333333333333334,
        "recall": 0.8333333333333334,
        "f1-score": 0.8333333333333334,
        "support": 6.0
      },
      "7": {
        "precision": 0.9884544167302037,
        "recall": 0.9999449066167153,
        "f1-score": 0.994166461260373,
        "support": 18151.0
      },
      "8": {
        "precision": 0.9813519813519813,
        "recall": 0.9905882352941177,
        "f1-score": 0.9859484777517564,
        "support": 425.0
      },
      "accuracy": 0.9982371444043737,
      "macro avg": {
        "precision": 0.9379353295683447,
        "recall": 0.9764511193105994,
        "f1-score": 0.9534852437950527,
        "support": 260373.0
      },
      "weighted avg": {
        "precision": 0.9985234718517768,
        "recall": 0.9982371444043737,
        "f1-score": 0.9983270538574472,
        "support": 260373.0
      }
    }
  }
}